Id,StageName,PlanetName
1001,Stage1,넓은별
1002,Stage2,넓은별
1003,Stage3,넓은별
1004,Stage4,넓은별
1005,Stage5,넓은별
1006,Stage6,넓은별
1007,Stage7,넓은별
1008,Stage8,넓은별
1009,Stage9,넓은별
1011,Stage11,넓은별
1012,Stage12,넓은별
1013,Stage13,넓은별
1014,Stage14,넓은별
1015,Stage15,넓은별
1016,Stage16,넓은별
1017,Stage17,넓은별
1018,Stage18,넓은별
1019,Stage19,넓은별
1021,Stage21,넓은별
1022,Stage22,넓은별
1023,Stage23,넓은별
1024,Stage24,넓은별
1025,Stage25,넓은별
1026,Stage26,넓은별
1027,Stage27,넓은별
1028,Stage28,넓은별
1029,Stage29,넓은별
1031,Stage31,넓은별
1032,Stage32,넓은별
1033,Stage33,넓은별
1034,Stage34,넓은별
1035,Stage35,넓은별
1036,Stage36,넓은별
1037,Stage37,넓은별
1038,Stage38,넓은별
1039,Stage39,넓은별
1041,Stage41,넓은별
1042,Stage42,넓은별
1043,Stage43,넓은별
1044,Stage44,넓은별
1045,Stage45,넓은별
1046,Stage46,넓은별
1047,Stage47,넓은별
1048,Stage48,넓은별
1049,Stage49,넓은별
1051,Stage51,낙뢰의별
1052,Stage52,낙뢰의별
1053,Stage53,낙뢰의별
1054,Stage54,낙뢰의별
1055,Stage55,낙뢰의별
1056,Stage56,낙뢰의별
1057,Stage57,낙뢰의별
1058,Stage58,낙뢰의별
1059,Stage59,낙뢰의별
1061,Stage61,낙뢰의별
1062,Stage62,낙뢰의별
1063,Stage63,낙뢰의별
1064,Stage64,낙뢰의별
1065,Stage65,낙뢰의별
1066,Stage66,낙뢰의별
1067,Stage67,낙뢰의별
1068,Stage68,낙뢰의별
1069,Stage69,낙뢰의별
1071,Stage71,낙뢰의별
1072,Stage72,낙뢰의별
1073,Stage73,낙뢰의별
1074,Stage74,낙뢰의별
1075,Stage75,낙뢰의별
1076,Stage76,낙뢰의별
1077,Stage77,낙뢰의별
1078,Stage78,낙뢰의별
1079,Stage79,낙뢰의별
1081,Stage81,낙뢰의별
1082,Stage82,낙뢰의별
1083,Stage83,낙뢰의별
1084,Stage84,낙뢰의별
1085,Stage85,낙뢰의별
1086,Stage86,낙뢰의별
1087,Stage87,낙뢰의별
1088,Stage88,낙뢰의별
1089,Stage89,낙뢰의별
1091,Stage91,낙뢰의별
1092,Stage92,낙뢰의별
1093,Stage93,낙뢰의별
1094,Stage94,낙뢰의별
1095,Stage95,낙뢰의별
1096,Stage96,낙뢰의별
1097,Stage97,낙뢰의별
1098,Stage98,낙뢰의별
1099,Stage99,낙뢰의별
1101,Stage101,초록가스 별
1102,Stage102,초록가스 별
1103,Stage103,초록가스 별
1104,Stage104,초록가스 별
1105,Stage105,초록가스 별
1106,Stage106,초록가스 별
1107,Stage107,초록가스 별
1108,Stage108,초록가스 별
1109,Stage109,초록가스 별
1111,Stage111,초록가스 별
1112,Stage112,초록가스 별
1113,Stage113,초록가스 별
1114,Stage114,초록가스 별
1115,Stage115,초록가스 별
1116,Stage116,초록가스 별
1117,Stage117,초록가스 별
1118,Stage118,초록가스 별
1119,Stage119,초록가스 별
1121,Stage121,초록가스 별
1122,Stage122,초록가스 별
1123,Stage123,초록가스 별
1124,Stage124,초록가스 별
1125,Stage125,초록가스 별
1126,Stage126,초록가스 별
1127,Stage127,초록가스 별
1128,Stage128,초록가스 별
1129,Stage129,초록가스 별
1131,Stage131,초록가스 별
1132,Stage132,초록가스 별
1133,Stage133,초록가스 별
1134,Stage134,초록가스 별
1135,Stage135,초록가스 별
1136,Stage136,초록가스 별
1137,Stage137,초록가스 별
1138,Stage138,초록가스 별
1139,Stage139,초록가스 별
1141,Stage141,초록가스 별
1142,Stage142,초록가스 별
1143,Stage143,초록가스 별
1144,Stage144,초록가스 별
1145,Stage145,초록가스 별
1146,Stage146,초록가스 별
1147,Stage147,초록가스 별
1148,Stage148,초록가스 별
1149,Stage149,초록가스 별
1151,Stage151,얼어붙은별
1152,Stage152,얼어붙은별
1153,Stage153,얼어붙은별
1154,Stage154,얼어붙은별
1155,Stage155,얼어붙은별
1156,Stage156,얼어붙은별
1157,Stage157,얼어붙은별
1158,Stage158,얼어붙은별
1159,Stage159,얼어붙은별
1161,Stage161,얼어붙은별
1162,Stage162,얼어붙은별
1163,Stage163,얼어붙은별
1164,Stage164,얼어붙은별
1165,Stage165,얼어붙은별
1166,Stage166,얼어붙은별
1167,Stage167,얼어붙은별
1168,Stage168,얼어붙은별
1169,Stage169,얼어붙은별
1171,Stage171,얼어붙은별
1172,Stage172,얼어붙은별
1173,Stage173,얼어붙은별
1174,Stage174,얼어붙은별
1175,Stage175,얼어붙은별
1176,Stage176,얼어붙은별
1177,Stage177,얼어붙은별
1178,Stage178,얼어붙은별
1179,Stage179,얼어붙은별
1181,Stage181,얼어붙은별
1182,Stage182,얼어붙은별
1183,Stage183,얼어붙은별
1184,Stage184,얼어붙은별
1185,Stage185,얼어붙은별
1186,Stage186,얼어붙은별
1187,Stage187,얼어붙은별
1188,Stage188,얼어붙은별
1189,Stage189,얼어붙은별
1191,Stage191,얼어붙은별
1192,Stage192,얼어붙은별
1193,Stage193,얼어붙은별
1194,Stage194,얼어붙은별
1195,Stage195,얼어붙은별
1196,Stage196,얼어붙은별
1197,Stage197,얼어붙은별
1198,Stage198,얼어붙은별
1199,Stage199,얼어붙은별
1201,Stage201,분출하는별
1202,Stage202,분출하는별
1203,Stage203,분출하는별
1204,Stage204,분출하는별
1205,Stage205,분출하는별
1206,Stage206,분출하는별
1207,Stage207,분출하는별
1208,Stage208,분출하는별
1209,Stage209,분출하는별
1211,Stage211,분출하는별
1212,Stage212,분출하는별
1213,Stage213,분출하는별
1214,Stage214,분출하는별
1215,Stage215,분출하는별
1216,Stage216,분출하는별
1217,Stage217,분출하는별
1218,Stage218,분출하는별
1219,Stage219,분출하는별
1221,Stage221,분출하는별
1222,Stage222,분출하는별
1223,Stage223,분출하는별
1224,Stage224,분출하는별
1225,Stage225,분출하는별
1226,Stage226,분출하는별
1227,Stage227,분출하는별
1228,Stage228,분출하는별
1229,Stage229,분출하는별
1231,Stage231,분출하는별
1232,Stage232,분출하는별
1233,Stage233,분출하는별
1234,Stage234,분출하는별
1235,Stage235,분출하는별
1236,Stage236,분출하는별
1237,Stage237,분출하는별
1238,Stage238,분출하는별
1239,Stage239,분출하는별
1241,Stage241,분출하는별
1242,Stage242,분출하는별
1243,Stage243,분출하는별
1244,Stage244,분출하는별
1245,Stage245,분출하는별
1246,Stage246,분출하는별
1247,Stage247,분출하는별
1248,Stage248,분출하는별
1249,Stage249,분출하는별
1251,Stage251,검은별
1252,Stage252,검은별
1253,Stage253,검은별
1254,Stage254,검은별
1255,Stage255,검은별
1256,Stage256,검은별
1257,Stage257,검은별
1258,Stage258,검은별
1259,Stage259,검은별
1261,Stage261,검은별
1262,Stage262,검은별
1263,Stage263,검은별
1264,Stage264,검은별
1265,Stage265,검은별
1266,Stage266,검은별
1267,Stage267,검은별
1268,Stage268,검은별
1269,Stage269,검은별
1271,Stage271,검은별
1272,Stage272,검은별
1273,Stage273,검은별
1274,Stage274,검은별
1275,Stage275,검은별
1276,Stage276,검은별
1277,Stage277,검은별
1278,Stage278,검은별
1279,Stage279,검은별
1281,Stage281,검은별
1282,Stage282,검은별
1283,Stage283,검은별
1284,Stage284,검은별
1285,Stage285,검은별
1286,Stage286,검은별
1287,Stage287,검은별
1288,Stage288,검은별
1289,Stage289,검은별
1291,Stage291,검은별
1292,Stage292,검은별
1293,Stage293,검은별
1294,Stage294,검은별
1295,Stage295,검은별
1296,Stage296,검은별
1297,Stage297,검은별
1298,Stage298,검은별
1299,Stage299,검은별
1301,Stage301,질풍의 별
1302,Stage302,질풍의 별
1303,Stage303,질풍의 별
1304,Stage304,질풍의 별
1305,Stage305,질풍의 별
1306,Stage306,질풍의 별
1307,Stage307,질풍의 별
1308,Stage308,질풍의 별
1309,Stage309,질풍의 별
1311,Stage311,질풍의 별
1312,Stage312,질풍의 별
1313,Stage313,질풍의 별
1314,Stage314,질풍의 별
1315,Stage315,질풍의 별
1316,Stage316,질풍의 별
1317,Stage317,질풍의 별
1318,Stage318,질풍의 별
1319,Stage319,질풍의 별
1321,Stage321,질풍의 별
1322,Stage322,질풍의 별
1323,Stage323,질풍의 별
1324,Stage324,질풍의 별
1325,Stage325,질풍의 별
1326,Stage326,질풍의 별
1327,Stage327,질풍의 별
1328,Stage328,질풍의 별
1329,Stage329,질풍의 별
1331,Stage334,질풍의 별
1332,Stage335,질풍의 별
1333,Stage336,질풍의 별
1334,Stage337,질풍의 별
1335,Stage338,질풍의 별
1336,Stage339,질풍의 별
1337,Stage340,질풍의 별
1338,Stage341,질풍의 별
1339,Stage342,질풍의 별
1341,Stage343,질풍의 별
1342,Stage344,질풍의 별
1343,Stage345,질풍의 별
1344,Stage346,질풍의 별
1345,Stage347,질풍의 별
1346,Stage348,질풍의 별
1347,Stage349,질풍의 별
1348,Stage350,질풍의 별
1349,Stage351,질풍의 별
1351,Stage352,안개구름 별
1352,Stage353,안개구름 별
1353,Stage354,안개구름 별
1354,Stage355,안개구름 별
1355,Stage356,안개구름 별
1356,Stage357,안개구름 별
1357,Stage358,안개구름 별
1358,Stage359,안개구름 별
1359,Stage360,안개구름 별
1361,Stage361,안개구름 별
1362,Stage362,안개구름 별
1363,Stage363,안개구름 별
1364,Stage364,안개구름 별
1365,Stage365,안개구름 별
1366,Stage366,안개구름 별
1367,Stage367,안개구름 별
1368,Stage368,안개구름 별
1369,Stage369,안개구름 별
1371,Stage371,안개구름 별
1372,Stage372,안개구름 별
1373,Stage373,안개구름 별
1374,Stage374,안개구름 별
1375,Stage375,안개구름 별
1376,Stage376,안개구름 별
1377,Stage377,안개구름 별
1378,Stage378,안개구름 별
1379,Stage379,안개구름 별
1381,Stage381,안개구름 별
1382,Stage382,안개구름 별
1383,Stage383,안개구름 별
1384,Stage384,안개구름 별
1385,Stage385,안개구름 별
1386,Stage386,안개구름 별
1387,Stage387,안개구름 별
1388,Stage388,안개구름 별
1389,Stage389,안개구름 별
1391,Stage391,안개구름 별
1392,Stage392,안개구름 별
1393,Stage393,안개구름 별
1394,Stage394,안개구름 별
1395,Stage395,안개구름 별
1396,Stage396,안개구름 별
1397,Stage397,안개구름 별
1398,Stage398,안개구름 별
1399,Stage399,안개구름 별
1401,Stage401,불안정한 별
1402,Stage402,불안정한 별
1403,Stage403,불안정한 별
1404,Stage404,불안정한 별
1405,Stage405,불안정한 별
1406,Stage406,불안정한 별
1407,Stage407,불안정한 별
1408,Stage408,불안정한 별
1409,Stage409,불안정한 별
1411,Stage411,불안정한 별
1412,Stage412,불안정한 별
1413,Stage413,불안정한 별
1414,Stage414,불안정한 별
1415,Stage415,불안정한 별
1416,Stage416,불안정한 별
1417,Stage417,불안정한 별
1418,Stage418,불안정한 별
1419,Stage419,불안정한 별
1421,Stage421,불안정한 별
1422,Stage422,불안정한 별
1423,Stage423,불안정한 별
1424,Stage424,불안정한 별
1425,Stage425,불안정한 별
1426,Stage426,불안정한 별
1427,Stage427,불안정한 별
1428,Stage428,불안정한 별
1429,Stage429,불안정한 별
1431,Stage431,불안정한 별
1432,Stage432,불안정한 별
1433,Stage433,불안정한 별
1434,Stage434,불안정한 별
1435,Stage435,불안정한 별
1436,Stage436,불안정한 별
1437,Stage437,불안정한 별
1438,Stage438,불안정한 별
1439,Stage439,불안정한 별
1441,Stage441,불안정한 별
1442,Stage442,불안정한 별
1443,Stage443,불안정한 별
1444,Stage444,불안정한 별
1445,Stage445,불안정한 별
1446,Stage446,불안정한 별
1447,Stage447,불안정한 별
1448,Stage448,불안정한 별
1449,Stage449,불안정한 별
1451,Stage451,시간의 별
1452,Stage452,시간의 별
1453,Stage453,시간의 별
1454,Stage454,시간의 별
1455,Stage455,시간의 별
1456,Stage456,시간의 별
1457,Stage457,시간의 별
1458,Stage458,시간의 별
1459,Stage459,시간의 별
1461,Stage461,시간의 별
1462,Stage462,시간의 별
1463,Stage463,시간의 별
1464,Stage464,시간의 별
1465,Stage465,시간의 별
1466,Stage466,시간의 별
1467,Stage467,시간의 별
1468,Stage468,시간의 별
1469,Stage469,시간의 별
1471,Stage471,시간의 별
1472,Stage472,시간의 별
1473,Stage473,시간의 별
1474,Stage474,시간의 별
1475,Stage475,시간의 별
1476,Stage476,시간의 별
1477,Stage477,시간의 별
1478,Stage478,시간의 별
1479,Stage479,시간의 별
1481,Stage481,시간의 별
1482,Stage482,시간의 별
1483,Stage483,시간의 별
1484,Stage484,시간의 별
1485,Stage485,시간의 별
1486,Stage486,시간의 별
1487,Stage487,시간의 별
1488,Stage488,시간의 별
1489,Stage489,시간의 별
1491,Stage491,시간의 별
1492,Stage492,시간의 별
1493,Stage493,시간의 별
1494,Stage494,시간의 별
1495,Stage495,시간의 별
1496,Stage496,시간의 별
1497,Stage497,시간의 별
1498,Stage498,시간의 별
1499,Stage499,시간의 별
1501,Stage501,넓은별_블랙홀
1502,Stage502,넓은별_블랙홀
1503,Stage503,넓은별_블랙홀
1504,Stage504,넓은별_블랙홀
1505,Stage505,넓은별_블랙홀
1506,Stage506,넓은별_블랙홀
1507,Stage507,넓은별_블랙홀
1508,Stage508,넓은별_블랙홀
1509,Stage509,넓은별_블랙홀
1511,Stage511,넓은별_블랙홀
1512,Stage512,넓은별_블랙홀
1513,Stage513,넓은별_블랙홀
1514,Stage514,넓은별_블랙홀
1515,Stage515,넓은별_블랙홀
1516,Stage516,넓은별_블랙홀
1517,Stage517,넓은별_블랙홀
1518,Stage518,넓은별_블랙홀
1519,Stage519,넓은별_블랙홀
1521,Stage521,넓은별_블랙홀
1522,Stage522,넓은별_블랙홀
1523,Stage523,넓은별_블랙홀
1524,Stage524,넓은별_블랙홀
1525,Stage525,넓은별_블랙홀
1526,Stage526,넓은별_블랙홀
1527,Stage527,넓은별_블랙홀
1528,Stage528,넓은별_블랙홀
1529,Stage529,넓은별_블랙홀
1531,Stage531,넓은별_블랙홀
1532,Stage532,넓은별_블랙홀
1533,Stage533,넓은별_블랙홀
1534,Stage534,넓은별_블랙홀
1535,Stage535,넓은별_블랙홀
1536,Stage536,넓은별_블랙홀
1537,Stage537,넓은별_블랙홀
1538,Stage538,넓은별_블랙홀
1539,Stage539,넓은별_블랙홀
1541,Stage541,넓은별_블랙홀
1542,Stage542,넓은별_블랙홀
1543,Stage543,넓은별_블랙홀
1544,Stage544,넓은별_블랙홀
1545,Stage545,넓은별_블랙홀
1546,Stage546,넓은별_블랙홀
1547,Stage547,넓은별_블랙홀
1548,Stage548,넓은별_블랙홀
1549,Stage549,넓은별_블랙홀
1551,Stage551,낙뢰의 별_블랙홀
1552,Stage552,낙뢰의 별_블랙홀
1553,Stage553,낙뢰의 별_블랙홀
1554,Stage554,낙뢰의 별_블랙홀
1555,Stage555,낙뢰의 별_블랙홀
1556,Stage556,낙뢰의 별_블랙홀
1557,Stage557,낙뢰의 별_블랙홀
1558,Stage558,낙뢰의 별_블랙홀
1559,Stage559,낙뢰의 별_블랙홀
1561,Stage561,낙뢰의 별_블랙홀
1562,Stage562,낙뢰의 별_블랙홀
1563,Stage563,낙뢰의 별_블랙홀
1564,Stage564,낙뢰의 별_블랙홀
1565,Stage565,낙뢰의 별_블랙홀
1566,Stage566,낙뢰의 별_블랙홀
1567,Stage567,낙뢰의 별_블랙홀
1568,Stage568,낙뢰의 별_블랙홀
1569,Stage569,낙뢰의 별_블랙홀
1571,Stage571,낙뢰의 별_블랙홀
1572,Stage572,낙뢰의 별_블랙홀
1573,Stage573,낙뢰의 별_블랙홀
1574,Stage574,낙뢰의 별_블랙홀
1575,Stage575,낙뢰의 별_블랙홀
1576,Stage576,낙뢰의 별_블랙홀
1577,Stage577,낙뢰의 별_블랙홀
1578,Stage578,낙뢰의 별_블랙홀
1579,Stage579,낙뢰의 별_블랙홀
1581,Stage581,낙뢰의 별_블랙홀
1582,Stage582,낙뢰의 별_블랙홀
1583,Stage583,낙뢰의 별_블랙홀
1584,Stage584,낙뢰의 별_블랙홀
1585,Stage585,낙뢰의 별_블랙홀
1586,Stage586,낙뢰의 별_블랙홀
1587,Stage587,낙뢰의 별_블랙홀
1588,Stage588,낙뢰의 별_블랙홀
1589,Stage589,낙뢰의 별_블랙홀
1591,Stage591,낙뢰의 별_블랙홀
1592,Stage592,낙뢰의 별_블랙홀
1593,Stage593,낙뢰의 별_블랙홀
1594,Stage594,낙뢰의 별_블랙홀
1595,Stage595,낙뢰의 별_블랙홀
1596,Stage596,낙뢰의 별_블랙홀
1597,Stage597,낙뢰의 별_블랙홀
1598,Stage598,낙뢰의 별_블랙홀
1599,Stage599,낙뢰의 별_블랙홀
1601,Stage601,초록가스별_블랙홀
1602,Stage602,초록가스별_블랙홀
1603,Stage603,초록가스별_블랙홀
1604,Stage604,초록가스별_블랙홀
1605,Stage605,초록가스별_블랙홀
1606,Stage606,초록가스별_블랙홀
1607,Stage607,초록가스별_블랙홀
1608,Stage608,초록가스별_블랙홀
1609,Stage609,초록가스별_블랙홀
1611,Stage611,초록가스별_블랙홀
1612,Stage612,초록가스별_블랙홀
1613,Stage613,초록가스별_블랙홀
1614,Stage614,초록가스별_블랙홀
1615,Stage615,초록가스별_블랙홀
1616,Stage616,초록가스별_블랙홀
1617,Stage617,초록가스별_블랙홀
1618,Stage618,초록가스별_블랙홀
1619,Stage619,초록가스별_블랙홀
1621,Stage621,초록가스별_블랙홀
1622,Stage622,초록가스별_블랙홀
1623,Stage623,초록가스별_블랙홀
1624,Stage624,초록가스별_블랙홀
1625,Stage625,초록가스별_블랙홀
1626,Stage626,초록가스별_블랙홀
1627,Stage627,초록가스별_블랙홀
1628,Stage628,초록가스별_블랙홀
1629,Stage629,초록가스별_블랙홀
1631,Stage631,초록가스별_블랙홀
1632,Stage632,초록가스별_블랙홀
1633,Stage633,초록가스별_블랙홀
1634,Stage634,초록가스별_블랙홀
1635,Stage635,초록가스별_블랙홀
1636,Stage636,초록가스별_블랙홀
1637,Stage637,초록가스별_블랙홀
1638,Stage638,초록가스별_블랙홀
1639,Stage639,초록가스별_블랙홀
1641,Stage641,초록가스별_블랙홀
1642,Stage642,초록가스별_블랙홀
1643,Stage643,초록가스별_블랙홀
1644,Stage644,초록가스별_블랙홀
1645,Stage645,초록가스별_블랙홀
1646,Stage646,초록가스별_블랙홀
1647,Stage647,초록가스별_블랙홀
1648,Stage648,초록가스별_블랙홀
1649,Stage649,초록가스별_블랙홀
1651,Stage651,얼어붙은별_블랙홀
1652,Stage652,얼어붙은별_블랙홀
1653,Stage653,얼어붙은별_블랙홀
1654,Stage654,얼어붙은별_블랙홀
1655,Stage655,얼어붙은별_블랙홀
1656,Stage656,얼어붙은별_블랙홀
1657,Stage657,얼어붙은별_블랙홀
1658,Stage658,얼어붙은별_블랙홀
1659,Stage659,얼어붙은별_블랙홀
1661,Stage661,얼어붙은별_블랙홀
1662,Stage662,얼어붙은별_블랙홀
1663,Stage663,얼어붙은별_블랙홀
1664,Stage664,얼어붙은별_블랙홀
1665,Stage665,얼어붙은별_블랙홀
1666,Stage666,얼어붙은별_블랙홀
1667,Stage667,얼어붙은별_블랙홀
1668,Stage668,얼어붙은별_블랙홀
1669,Stage669,얼어붙은별_블랙홀
1671,Stage671,얼어붙은별_블랙홀
1672,Stage672,얼어붙은별_블랙홀
1673,Stage673,얼어붙은별_블랙홀
1674,Stage674,얼어붙은별_블랙홀
1675,Stage675,얼어붙은별_블랙홀
1676,Stage676,얼어붙은별_블랙홀
1677,Stage677,얼어붙은별_블랙홀
1678,Stage678,얼어붙은별_블랙홀
1679,Stage679,얼어붙은별_블랙홀
1681,Stage681,얼어붙은별_블랙홀
1682,Stage682,얼어붙은별_블랙홀
1683,Stage683,얼어붙은별_블랙홀
1684,Stage684,얼어붙은별_블랙홀
1685,Stage685,얼어붙은별_블랙홀
1686,Stage686,얼어붙은별_블랙홀
1687,Stage687,얼어붙은별_블랙홀
1688,Stage688,얼어붙은별_블랙홀
1689,Stage689,얼어붙은별_블랙홀
1691,Stage691,얼어붙은별_블랙홀
1692,Stage692,얼어붙은별_블랙홀
1693,Stage693,얼어붙은별_블랙홀
1694,Stage694,얼어붙은별_블랙홀
1695,Stage695,얼어붙은별_블랙홀
1696,Stage696,얼어붙은별_블랙홀
1697,Stage697,얼어붙은별_블랙홀
1698,Stage698,얼어붙은별_블랙홀
1699,Stage699,얼어붙은별_블랙홀
1701,Stage701,분출하는별_블랙홀
1702,Stage702,분출하는별_블랙홀
1703,Stage703,분출하는별_블랙홀
1704,Stage704,분출하는별_블랙홀
1705,Stage705,분출하는별_블랙홀
1706,Stage706,분출하는별_블랙홀
1707,Stage707,분출하는별_블랙홀
1708,Stage708,분출하는별_블랙홀
1709,Stage709,분출하는별_블랙홀
1711,Stage711,분출하는별_블랙홀
1712,Stage712,분출하는별_블랙홀
1713,Stage713,분출하는별_블랙홀
1714,Stage714,분출하는별_블랙홀
1715,Stage715,분출하는별_블랙홀
1716,Stage716,분출하는별_블랙홀
1717,Stage717,분출하는별_블랙홀
1718,Stage718,분출하는별_블랙홀
1719,Stage719,분출하는별_블랙홀
1721,Stage721,분출하는별_블랙홀
1722,Stage722,분출하는별_블랙홀
1723,Stage723,분출하는별_블랙홀
1724,Stage724,분출하는별_블랙홀
1725,Stage725,분출하는별_블랙홀
1726,Stage726,분출하는별_블랙홀
1727,Stage727,분출하는별_블랙홀
1728,Stage728,분출하는별_블랙홀
1729,Stage729,분출하는별_블랙홀
1731,Stage731,분출하는별_블랙홀
1732,Stage732,분출하는별_블랙홀
1733,Stage733,분출하는별_블랙홀
1734,Stage734,분출하는별_블랙홀
1735,Stage735,분출하는별_블랙홀
1736,Stage736,분출하는별_블랙홀
1737,Stage737,분출하는별_블랙홀
1738,Stage738,분출하는별_블랙홀
1739,Stage739,분출하는별_블랙홀
1741,Stage741,분출하는별_블랙홀
1742,Stage742,분출하는별_블랙홀
1743,Stage743,분출하는별_블랙홀
1744,Stage744,분출하는별_블랙홀
1745,Stage745,분출하는별_블랙홀
1746,Stage746,분출하는별_블랙홀
1747,Stage747,분출하는별_블랙홀
1748,Stage748,분출하는별_블랙홀
1749,Stage749,분출하는별_블랙홀
1751,Stage751,검은별_블랙홀
1752,Stage752,검은별_블랙홀
1753,Stage753,검은별_블랙홀
1754,Stage754,검은별_블랙홀
1755,Stage755,검은별_블랙홀
1756,Stage756,검은별_블랙홀
1757,Stage757,검은별_블랙홀
1758,Stage758,검은별_블랙홀
1759,Stage759,검은별_블랙홀
1761,Stage761,검은별_블랙홀
1762,Stage762,검은별_블랙홀
1763,Stage763,검은별_블랙홀
1764,Stage764,검은별_블랙홀
1765,Stage765,검은별_블랙홀
1766,Stage766,검은별_블랙홀
1767,Stage767,검은별_블랙홀
1768,Stage768,검은별_블랙홀
1769,Stage769,검은별_블랙홀
1771,Stage771,검은별_블랙홀
1772,Stage772,검은별_블랙홀
1773,Stage773,검은별_블랙홀
1774,Stage774,검은별_블랙홀
1775,Stage775,검은별_블랙홀
1776,Stage776,검은별_블랙홀
1777,Stage777,검은별_블랙홀
1778,Stage778,검은별_블랙홀
1779,Stage779,검은별_블랙홀
1781,Stage781,검은별_블랙홀
1782,Stage782,검은별_블랙홀
1783,Stage783,검은별_블랙홀
1784,Stage784,검은별_블랙홀
1785,Stage785,검은별_블랙홀
1786,Stage786,검은별_블랙홀
1787,Stage787,검은별_블랙홀
1788,Stage788,검은별_블랙홀
1789,Stage789,검은별_블랙홀
1791,Stage791,검은별_블랙홀
1792,Stage792,검은별_블랙홀
1793,Stage793,검은별_블랙홀
1794,Stage794,검은별_블랙홀
1795,Stage795,검은별_블랙홀
1796,Stage796,검은별_블랙홀
1797,Stage797,검은별_블랙홀
1798,Stage798,검은별_블랙홀
1799,Stage799,검은별_블랙홀
1801,Stage801,질풍의별_블랙홀
1802,Stage802,질풍의별_블랙홀
1803,Stage803,질풍의별_블랙홀
1804,Stage804,질풍의별_블랙홀
1805,Stage805,질풍의별_블랙홀
1806,Stage806,질풍의별_블랙홀
1807,Stage807,질풍의별_블랙홀
1808,Stage808,질풍의별_블랙홀
1809,Stage809,질풍의별_블랙홀
1811,Stage811,질풍의별_블랙홀
1812,Stage812,질풍의별_블랙홀
1813,Stage813,질풍의별_블랙홀
1814,Stage814,질풍의별_블랙홀
1815,Stage815,질풍의별_블랙홀
1816,Stage816,질풍의별_블랙홀
1817,Stage817,질풍의별_블랙홀
1818,Stage818,질풍의별_블랙홀
1819,Stage819,질풍의별_블랙홀
1821,Stage821,질풍의별_블랙홀
1822,Stage822,질풍의별_블랙홀
1823,Stage823,질풍의별_블랙홀
1824,Stage824,질풍의별_블랙홀
1825,Stage825,질풍의별_블랙홀
1826,Stage826,질풍의별_블랙홀
1827,Stage827,질풍의별_블랙홀
1828,Stage828,질풍의별_블랙홀
1829,Stage829,질풍의별_블랙홀
1831,Stage831,질풍의별_블랙홀
1832,Stage832,질풍의별_블랙홀
1833,Stage833,질풍의별_블랙홀
1834,Stage834,질풍의별_블랙홀
1835,Stage835,질풍의별_블랙홀
1836,Stage836,질풍의별_블랙홀
1837,Stage837,질풍의별_블랙홀
1838,Stage838,질풍의별_블랙홀
1839,Stage839,질풍의별_블랙홀
1841,Stage841,질풍의별_블랙홀
1842,Stage842,질풍의별_블랙홀
1843,Stage843,질풍의별_블랙홀
1844,Stage844,질풍의별_블랙홀
1845,Stage845,질풍의별_블랙홀
1846,Stage846,질풍의별_블랙홀
1847,Stage847,질풍의별_블랙홀
1848,Stage848,질풍의별_블랙홀
1849,Stage849,질풍의별_블랙홀
1851,Stage851,안개구름별_블랙홀
1852,Stage852,안개구름별_블랙홀
1853,Stage853,안개구름별_블랙홀
1854,Stage854,안개구름별_블랙홀
1855,Stage855,안개구름별_블랙홀
1856,Stage856,안개구름별_블랙홀
1857,Stage857,안개구름별_블랙홀
1858,Stage858,안개구름별_블랙홀
1859,Stage859,안개구름별_블랙홀
1861,Stage861,안개구름별_블랙홀
1862,Stage862,안개구름별_블랙홀
1863,Stage863,안개구름별_블랙홀
1864,Stage864,안개구름별_블랙홀
1865,Stage865,안개구름별_블랙홀
1866,Stage866,안개구름별_블랙홀
1867,Stage867,안개구름별_블랙홀
1868,Stage868,안개구름별_블랙홀
1869,Stage869,안개구름별_블랙홀
1871,Stage871,안개구름별_블랙홀
1872,Stage872,안개구름별_블랙홀
1873,Stage873,안개구름별_블랙홀
1874,Stage874,안개구름별_블랙홀
1875,Stage875,안개구름별_블랙홀
1876,Stage876,안개구름별_블랙홀
1877,Stage877,안개구름별_블랙홀
1878,Stage878,안개구름별_블랙홀
1879,Stage879,안개구름별_블랙홀
1881,Stage881,안개구름별_블랙홀
1882,Stage882,안개구름별_블랙홀
1883,Stage883,안개구름별_블랙홀
1884,Stage884,안개구름별_블랙홀
1885,Stage885,안개구름별_블랙홀
1886,Stage886,안개구름별_블랙홀
1887,Stage887,안개구름별_블랙홀
1888,Stage888,안개구름별_블랙홀
1889,Stage889,안개구름별_블랙홀
1891,Stage891,안개구름별_블랙홀
1892,Stage892,안개구름별_블랙홀
1893,Stage893,안개구름별_블랙홀
1894,Stage894,안개구름별_블랙홀
1895,Stage895,안개구름별_블랙홀
1896,Stage896,안개구름별_블랙홀
1897,Stage897,안개구름별_블랙홀
1898,Stage898,안개구름별_블랙홀
1899,Stage899,안개구름별_블랙홀
1901,Stage901,불안정한별_블랙홀
1902,Stage902,불안정한별_블랙홀
1903,Stage903,불안정한별_블랙홀
1904,Stage904,불안정한별_블랙홀
1905,Stage905,불안정한별_블랙홀
1906,Stage906,불안정한별_블랙홀
1907,Stage907,불안정한별_블랙홀
1908,Stage908,불안정한별_블랙홀
1909,Stage909,불안정한별_블랙홀
1911,Stage911,불안정한별_블랙홀
1912,Stage912,불안정한별_블랙홀
1913,Stage913,불안정한별_블랙홀
1914,Stage914,불안정한별_블랙홀
1915,Stage915,불안정한별_블랙홀
1916,Stage916,불안정한별_블랙홀
1917,Stage917,불안정한별_블랙홀
1918,Stage918,불안정한별_블랙홀
1919,Stage919,불안정한별_블랙홀
1921,Stage921,불안정한별_블랙홀
1922,Stage922,불안정한별_블랙홀
1923,Stage923,불안정한별_블랙홀
1924,Stage924,불안정한별_블랙홀
1925,Stage925,불안정한별_블랙홀
1926,Stage926,불안정한별_블랙홀
1927,Stage927,불안정한별_블랙홀
1928,Stage928,불안정한별_블랙홀
1929,Stage929,불안정한별_블랙홀
1931,Stage931,불안정한별_블랙홀
1932,Stage932,불안정한별_블랙홀
1933,Stage933,불안정한별_블랙홀
1934,Stage934,불안정한별_블랙홀
1935,Stage935,불안정한별_블랙홀
1936,Stage936,불안정한별_블랙홀
1937,Stage937,불안정한별_블랙홀
1938,Stage938,불안정한별_블랙홀
1939,Stage939,불안정한별_블랙홀
1941,Stage941,불안정한별_블랙홀
1942,Stage942,불안정한별_블랙홀
1943,Stage943,불안정한별_블랙홀
1944,Stage944,불안정한별_블랙홀
1945,Stage945,불안정한별_블랙홀
1946,Stage946,불안정한별_블랙홀
1947,Stage947,불안정한별_블랙홀
1948,Stage948,불안정한별_블랙홀
1949,Stage949,불안정한별_블랙홀
1951,Stage951,시간의별_블랙홀
1952,Stage952,시간의별_블랙홀
1953,Stage953,시간의별_블랙홀
1954,Stage954,시간의별_블랙홀
1955,Stage955,시간의별_블랙홀
1956,Stage956,시간의별_블랙홀
1957,Stage957,시간의별_블랙홀
1958,Stage958,시간의별_블랙홀
1959,Stage959,시간의별_블랙홀
1961,Stage961,시간의별_블랙홀
1962,Stage962,시간의별_블랙홀
1963,Stage963,시간의별_블랙홀
1964,Stage964,시간의별_블랙홀
1965,Stage965,시간의별_블랙홀
1966,Stage966,시간의별_블랙홀
1967,Stage967,시간의별_블랙홀
1968,Stage968,시간의별_블랙홀
1969,Stage969,시간의별_블랙홀
1971,Stage971,시간의별_블랙홀
1972,Stage972,시간의별_블랙홀
1973,Stage973,시간의별_블랙홀
1974,Stage974,시간의별_블랙홀
1975,Stage975,시간의별_블랙홀
1976,Stage976,시간의별_블랙홀
1977,Stage977,시간의별_블랙홀
1978,Stage978,시간의별_블랙홀
1979,Stage979,시간의별_블랙홀
1981,Stage981,시간의별_블랙홀
1982,Stage982,시간의별_블랙홀
1983,Stage983,시간의별_블랙홀
1984,Stage984,시간의별_블랙홀
1985,Stage985,시간의별_블랙홀
1986,Stage986,시간의별_블랙홀
1987,Stage987,시간의별_블랙홀
1988,Stage988,시간의별_블랙홀
1989,Stage989,시간의별_블랙홀
1991,Stage991,시간의별_블랙홀
1992,Stage992,시간의별_블랙홀
1993,Stage993,시간의별_블랙홀
1994,Stage994,시간의별_블랙홀
1995,Stage995,시간의별_블랙홀
1996,Stage996,시간의별_블랙홀
1997,Stage997,시간의별_블랙홀
1998,Stage998,시간의별_블랙홀
1999,Stage999,시간의별_블랙홀